name,name_en,name_fr,name_it,name_de
bulbasaur,Bulbasaur,Bulbizarre,Bulbasaur,Bisasam
ivysaur,Ivysaur,Herbizarre,Ivysaur,Bisaknosp
venusaur,Venusaur,Florizarre,Venusaur,Bisaflor
charmander,Charmander,Salamèche,Charmander,Glumanda
charmeleon,Charmeleon,Reptincel,Charmeleon,Glutexo
charizard,Charizard,Dracaufeu,Charizard,Glurak
squirtle,Squirtle,Carapuce,Squirtle,Schiggy
wartortle,Wartortle,Carabaffe,Wartortle,Schillok
blastoise,Blastoise,Tortank,Blastoise,Turtok
caterpie,Caterpie,Chenipan,Caterpie,Raupy
metapod,Metapod,Chrysacier,Metapod,Safcon
butterfree,Butterfree,Papilusion,Butterfree,Smettbo
weedle,Weedle,Aspicot,Weedle,Hornliu
kakuna,Kakuna,Coconfort,Kakuna,Kokuna
beedrill,Beedrill,Dardargnan,Beedrill,Bibor
pidgey,Pidgey,Roucool,Pidgey,Taubsi
pidgeotto,Pidgeotto,Roucoups,Pidgeotto,Tauboga
pidgeot,Pidgeot,Roucarnage,Pidgeot,Tauboss
rattata,Rattata,Rattata,Rattata,Rattfratz
raticate,Raticate,Rattatac,Raticate,Rattikarl
spearow,Spearow,Piafabec,Spearow,Habitak
fearow,Fearow,Rapasdepic,Fearow,Ibitak
ekans,Ekans,Abo,Ekans,Rettan
arbok,Arbok,Arbok,Arbok,Arbok
pikachu,Pikachu,Pikachu,Pikachu,Pikachu
raichu,Raichu,Raichu,Raichu,Raichu
sandshrew,Sandshrew,Sabelette,Sandshrew,Sandan
sandslash,Sandslash,Sablaireau,Sandslash,Sandamer
nidoran-f,Nidoran♀,Nidoran♀,Nidoran♀,Nidoran♀
nidorina,Nidorina,Nidorina,Nidorina,Nidorina
nidoqueen,Nidoqueen,Nidoqueen,Nidoqueen,Nidoqueen
nidoran-m,Nidoran♂,Nidoran♂,Nidoran♂,Nidoran♂
nidorino,Nidorino,Nidorino,Nidorino,Nidorino
nidoking,Nidoking,Nidoking,Nidoking,Nidoking
clefairy,Clefairy,Mélofée,Clefairy,Piepi
clefable,Clefable,Mélodelfe,Clefable,Pixi
vulpix,Vulpix,Goupix,Vulpix,Vulpix
ninetales,Ninetales,Feunard,Ninetales,Vulnona
jigglypuff,Jigglypuff,Rondoudou,Jigglypuff,Pummeluff
wigglytuff,Wigglytuff,Grodoudou,Wigglytuff,Knuddeluff
zubat,Zubat,Nosferapti,Zubat,Zubat
golbat,Golbat,Nosferalto,Golbat,Golbat
oddish,Oddish,Mystherbe,Oddish,Myrapla
gloom,Gloom,Ortide,Gloom,Duflor
vileplume,Vileplume,Rafflesia,Vileplume,Giflor
paras,Paras,Paras,Paras,Paras
parasect,Parasect,Parasect,Parasect,Parasek
venonat,Venonat,Mimitoss,Venonat,Bluzuk
venomoth,Venomoth,Aéromite,Venomoth,Omot
diglett,Diglett,Taupiqueur,Diglett,Digda
dugtrio,Dugtrio,Triopikeur,Dugtrio,Digdri
meowth,Meowth,Miaouss,Meowth,Mauzi
persian,Persian,Persian,Persian,Snobilikat
psyduck,Psyduck,Psykokwak,Psyduck,Enton
golduck,Golduck,Akwakwak,Golduck,Entoron
mankey,Mankey,Férosinge,Mankey,Menki
primeape,Primeape,Colossinge,Primeape,Rasaff
growlithe,Growlithe,Caninos,Growlithe,Fukano
arcanine,Arcanine,Arcanin,Arcanine,Arkani
poliwag,Poliwag,Ptitard,Poliwag,Quapsel
poliwhirl,Poliwhirl,Têtarte,Poliwhirl,Quaputzi
poliwrath,Poliwrath,Tartard,Poliwrath,Quappo
abra,Abra,Abra,Abra,Abra
kadabra,Kadabra,Kadabra,Kadabra,Kadabra
alakazam,Alakazam,Alakazam,Alakazam,Simsala
machop,Machop,Machoc,Machop,Machollo
machoke,Machoke,Machopeur,Machoke,Maschock
machamp,Machamp,Mackogneur,Machamp,Machomei
bellsprout,Bellsprout,Chétiflor,Bellsprout,Knofensa
weepinbell,Weepinbell,Boustiflor,Weepinbell,Ultrigaria
victreebel,Victreebel,Empiflor,Victreebel,Sarzenia
tentacool,Tentacool,Tentacool,Tentacool,Tentacha
tentacruel,Tentacruel,Tentacruel,Tentacruel,Tentoxa
geodude,Geodude,Racaillou,Geodude,Kleinstein
graveler,Graveler,Gravalanch,Graveler,Georok
golem,Golem,Grolem,Golem,Geowaz
ponyta,Ponyta,Ponyta,Ponyta,Ponita
rapidash,Rapidash,Galopa,Rapidash,Gallopa
slowpoke,Slowpoke,Ramoloss,Slowpoke,Flegmon
slowbro,Slowbro,Flagadoss,Slowbro,Lahmus
magnemite,Magnemite,Magnéti,Magnemite,Magnetilo
magneton,Magneton,Magnéton,Magneton,Magneton
farfetchd,Farfetch’d,Canarticho,Farfetch’d,Porenta
doduo,Doduo,Doduo,Doduo,Dodu
dodrio,Dodrio,Dodrio,Dodrio,Dodri
seel,Seel,Otaria,Seel,Jurob
dewgong,Dewgong,Lamantine,Dewgong,Jugong
grimer,Grimer,Tadmorv,Grimer,Sleima
muk,Muk,Grotadmorv,Muk,Sleimok
shellder,Shellder,Kokiyas,Shellder,Muschas
cloyster,Cloyster,Crustabri,Cloyster,Austos
gastly,Gastly,Fantominus,Gastly,Nebulak
haunter,Haunter,Spectrum,Haunter,Alpollo
gengar,Gengar,Ectoplasma,Gengar,Gengar
onix,Onix,Onix,Onix,Onix
drowzee,Drowzee,Soporifik,Drowzee,Traumato
hypno,Hypno,Hypnomade,Hypno,Hypno
krabby,Krabby,Krabby,Krabby,Krabby
kingler,Kingler,Krabboss,Kingler,Kingler
voltorb,Voltorb,Voltorbe,Voltorb,Voltobal
electrode,Electrode,Électrode,Electrode,Lektrobal
exeggcute,Exeggcute,Noeunoeuf,Exeggcute,Owei
exeggutor,Exeggutor,Noadkoko,Exeggutor,Kokowei
cubone,Cubone,Osselait,Cubone,Tragosso
marowak,Marowak,Ossatueur,Marowak,Knogga
hitmonlee,Hitmonlee,Kicklee,Hitmonlee,Kicklee
hitmonchan,Hitmonchan,Tygnon,Hitmonchan,Nockchan
lickitung,Lickitung,Excelangue,Lickitung,Schlurp
koffing,Koffing,Smogo,Koffing,Smogon
weezing,Weezing,Smogogo,Weezing,Smogmog
rhyhorn,Rhyhorn,Rhinocorne,Rhyhorn,Rihorn
rhydon,Rhydon,Rhinoféros,Rhydon,Rizeros
chansey,Chansey,Leveinard,Chansey,Chaneira
tangela,Tangela,Saquedeneu,Tangela,Tangela
kangaskhan,Kangaskhan,Kangourex,Kangaskhan,Kangama
horsea,Horsea,Hypotrempe,Horsea,Seeper
seadra,Seadra,Hypocéan,Seadra,Seemon
goldeen,Goldeen,Poissirène,Goldeen,Goldini
seaking,Seaking,Poissoroy,Seaking,Golking
staryu,Staryu,Stari,Staryu,Sterndu
starmie,Starmie,Staross,Starmie,Starmie
mr-mime,Mr. Mime,M. Mime,Mr. Mime,Pantimos
scyther,Scyther,Insécateur,Scyther,Sichlor
jynx,Jynx,Lippoutou,Jynx,Rossana
electabuzz,Electabuzz,Élektek,Electabuzz,Elektek
magmar,Magmar,Magmar,Magmar,Magmar
pinsir,Pinsir,Scarabrute,Pinsir,Pinsir
tauros,Tauros,Tauros,Tauros,Tauros
magikarp,Magikarp,Magicarpe,Magikarp,Karpador
gyarados,Gyarados,Léviator,Gyarados,Garados
lapras,Lapras,Lokhlass,Lapras,Lapras
ditto,Ditto,Métamorph,Ditto,Ditto
eevee,Eevee,Évoli,Eevee,Evoli
vaporeon,Vaporeon,Aquali,Vaporeon,Aquana
jolteon,Jolteon,Voltali,Jolteon,Blitza
flareon,Flareon,Pyroli,Flareon,Flamara
porygon,Porygon,Porygon,Porygon,Porygon
omanyte,Omanyte,Amonita,Omanyte,Amonitas
omastar,Omastar,Amonistar,Omastar,Amoroso
kabuto,Kabuto,Kabuto,Kabuto,Kabuto
kabutops,Kabutops,Kabutops,Kabutops,Kabutops
aerodactyl,Aerodactyl,Ptéra,Aerodactyl,Aerodactyl
snorlax,Snorlax,Ronflex,Snorlax,Relaxo
articuno,Articuno,Artikodin,Articuno,Arktos
zapdos,Zapdos,Électhor,Zapdos,Zapdos
moltres,Moltres,Sulfura,Moltres,Lavados
dratini,Dratini,Minidraco,Dratini,Dratini
dragonair,Dragonair,Draco,Dragonair,Dragonir
dragonite,Dragonite,Dracolosse,Dragonite,Dragoran
mewtwo,Mewtwo,Mewtwo,Mewtwo,Mewtu
mew,Mew,Mew,Mew,Mew
chikorita,Chikorita,Germignon,Chikorita,Endivie
bayleef,Bayleef,Macronium,Bayleef,Lorblatt
meganium,Meganium,Méganium,Meganium,Meganie
cyndaquil,Cyndaquil,Héricendre,Cyndaquil,Feurigel
quilava,Quilava,Feurisson,Quilava,Igelavar
typhlosion,Typhlosion,Typhlosion,Typhlosion,Tornupto
totodile,Totodile,Kaiminus,Totodile,Karnimani
croconaw,Croconaw,Crocrodil,Croconaw,Tyracroc
feraligatr,Feraligatr,Aligatueur,Feraligatr,Impergator
sentret,Sentret,Fouinette,Sentret,Wiesor
furret,Furret,Fouinar,Furret,Wiesenior
hoothoot,Hoothoot,Hoothoot,Hoothoot,Hoothoot
noctowl,Noctowl,Noarfang,Noctowl,Noctuh
ledyba,Ledyba,Coxy,Ledyba,Ledyba
ledian,Ledian,Coxyclaque,Ledian,Ledian
spinarak,Spinarak,Mimigal,Spinarak,Webarak
ariados,Ariados,Migalos,Ariados,Ariados
crobat,Crobat,Nostenfer,Crobat,Iksbat
chinchou,Chinchou,Loupio,Chinchou,Lampi
lanturn,Lanturn,Lanturn,Lanturn,Lanturn
pichu,Pichu,Pichu,Pichu,Pichu
cleffa,Cleffa,Mélo,Cleffa,Pii
igglybuff,Igglybuff,Toudoudou,Igglybuff,Fluffeluff
togepi,Togepi,Togepi,Togepi,Togepi
togetic,Togetic,Togetic,Togetic,Togetic
natu,Natu,Natu,Natu,Natu
xatu,Xatu,Xatu,Xatu,Xatu
mareep,Mareep,Wattouat,Mareep,Voltilamm
flaaffy,Flaaffy,Lainergie,Flaaffy,Waaty
ampharos,Ampharos,Pharamp,Ampharos,Ampharos
bellossom,Bellossom,Joliflor,Bellossom,Blubella
marill,Marill,Marill,Marill,Marill
azumarill,Azumarill,Azumarill,Azumarill,Azumarill
sudowoodo,Sudowoodo,Simularbre,Sudowoodo,Mogelbaum
politoed,Politoed,Tarpaud,Politoed,Quaxo
hoppip,Hoppip,Granivol,Hoppip,Hoppspross
skiploom,Skiploom,Floravol,Skiploom,Hubelupf
jumpluff,Jumpluff,Cotovol,Jumpluff,Papungha
aipom,Aipom,Capumain,Aipom,Griffel
sunkern,Sunkern,Tournegrin,Sunkern,Sonnkern
sunflora,Sunflora,Héliatronc,Sunflora,Sonnflora
yanma,Yanma,Yanma,Yanma,Yanma
wooper,Wooper,Axoloto,Wooper,Felino
quagsire,Quagsire,Maraiste,Quagsire,Morlord
espeon,Espeon,Mentali,Espeon,Psiana
umbreon,Umbreon,Noctali,Umbreon,Nachtara
murkrow,Murkrow,Cornèbre,Murkrow,Kramurx
slowking,Slowking,Roigada,Slowking,Laschoking
misdreavus,Misdreavus,Feuforêve,Misdreavus,Traunfugil
unown,Unown,Zarbi,Unown,Icognito
wobbuffet,Wobbuffet,Qulbutoké,Wobbuffet,Woingenau
girafarig,Girafarig,Girafarig,Girafarig,Girafarig
pineco,Pineco,Pomdepik,Pineco,Tannza
forretress,Forretress,Foretress,Forretress,Forstellka
dunsparce,Dunsparce,Insolourdo,Dunsparce,Dummisel
gligar,Gligar,Scorplane,Gligar,Skorgla
steelix,Steelix,Steelix,Steelix,Stahlos
snubbull,Snubbull,Snubbull,Snubbull,Snubbull
granbull,Granbull,Granbull,Granbull,Granbull
qwilfish,Qwilfish,Qwilfish,Qwilfish,Baldorfish
scizor,Scizor,Cizayox,Scizor,Scherox
shuckle,Shuckle,Caratroc,Shuckle,Pottrott
heracross,Heracross,Scarhino,Heracross,Skaraborn
sneasel,Sneasel,Farfuret,Sneasel,Sniebel
teddiursa,Teddiursa,Teddiursa,Teddiursa,Teddiursa
ursaring,Ursaring,Ursaring,Ursaring,Ursaring
slugma,Slugma,Limagma,Slugma,Schneckmag
magcargo,Magcargo,Volcaropod,Magcargo,Magcargo
swinub,Swinub,Marcacrin,Swinub,Quiekel
piloswine,Piloswine,Cochignon,Piloswine,Keifel
corsola,Corsola,Corayon,Corsola,Corasonn
remoraid,Remoraid,Rémoraid,Remoraid,Remoraid
octillery,Octillery,Octillery,Octillery,Octillery
delibird,Delibird,Cadoizo,Delibird,Botogel
mantine,Mantine,Démanta,Mantine,Mantax
skarmory,Skarmory,Airmure,Skarmory,Panzaeron
houndour,Houndour,Malosse,Houndour,Hunduster
houndoom,Houndoom,Démolosse,Houndoom,Hundemon
kingdra,Kingdra,Hyporoi,Kingdra,Seedraking
phanpy,Phanpy,Phanpy,Phanpy,Phanpy
donphan,Donphan,Donphan,Donphan,Donphan
porygon2,Porygon2,Porygon2,Porygon2,Porygon2
stantler,Stantler,Cerfrousse,Stantler,Damhirplex
smeargle,Smeargle,Queulorior,Smeargle,Farbeagle
tyrogue,Tyrogue,Debugant,Tyrogue,Rabauz
hitmontop,Hitmontop,Kapoera,Hitmontop,Kapoera
smoochum,Smoochum,Lippouti,Smoochum,Kussilla
elekid,Elekid,Élekid,Elekid,Elekid
magby,Magby,Magby,Magby,Magby
miltank,Miltank,Écrémeuh,Miltank,Miltank
blissey,Blissey,Leuphorie,Blissey,Heiteira
raikou,Raikou,Raikou,Raikou,Raikou
entei,Entei,Entei,Entei,Entei
suicune,Suicune,Suicune,Suicune,Suicune
larvitar,Larvitar,Embrylex,Larvitar,Larvitar
pupitar,Pupitar,Ymphect,Pupitar,Pupitar
tyranitar,Tyranitar,Tyranocif,Tyranitar,Despotar
lugia,Lugia,Lugia,Lugia,Lugia
ho-oh,Ho-Oh,Ho-Oh,Ho-Oh,Ho-Oh
celebi,Celebi,Celebi,Celebi,Celebi
treecko,Treecko,Arcko,Treecko,Geckarbor
grovyle,Grovyle,Massko,Grovyle,Reptain
sceptile,Sceptile,Jungko,Sceptile,Gewaldro
torchic,Torchic,Poussifeu,Torchic,Flemmli
combusken,Combusken,Galifeu,Combusken,Jungglut
blaziken,Blaziken,Braségali,Blaziken,Lohgock
mudkip,Mudkip,Gobou,Mudkip,Hydropi
marshtomp,Marshtomp,Flobio,Marshtomp,Moorabbel
swampert,Swampert,Laggron,Swampert,Sumpex
poochyena,Poochyena,Medhyèna,Poochyena,Fiffyen
mightyena,Mightyena,Grahyèna,Mightyena,Magnayen
zigzagoon,Zigzagoon,Zigzaton,Zigzagoon,Zigzachs
linoone,Linoone,Linéon,Linoone,Geradaks
wurmple,Wurmple,Chenipotte,Wurmple,Waumpel
silcoon,Silcoon,Armulys,Silcoon,Schaloko
beautifly,Beautifly,Charmillon,Beautifly,Papinella
cascoon,Cascoon,Blindalys,Cascoon,Panekon
dustox,Dustox,Papinox,Dustox,Pudox
lotad,Lotad,Nénupiot,Lotad,Loturzel
lombre,Lombre,Lombre,Lombre,Lombrero
ludicolo,Ludicolo,Ludicolo,Ludicolo,Kappalores
seedot,Seedot,Grainipiot,Seedot,Samurzel
nuzleaf,Nuzleaf,Pifeuil,Nuzleaf,Blanas
shiftry,Shiftry,Tengalice,Shiftry,Tengulist
taillow,Taillow,Nirondelle,Taillow,Schwalbini
swellow,Swellow,Hélédelle,Swellow,Schwalboss
wingull,Wingull,Goélise,Wingull,Wingull
pelipper,Pelipper,Bekipan,Pelipper,Pelipper
ralts,Ralts,Tarsal,Ralts,Trasla
kirlia,Kirlia,Kirlia,Kirlia,Kirlia
gardevoir,Gardevoir,Gardevoir,Gardevoir,Guardevoir
surskit,Surskit,Arakdo,Surskit,Gehweiher
masquerain,Masquerain,Maskadra,Masquerain,Maskeregen
shroomish,Shroomish,Balignon,Shroomish,Knilz
breloom,Breloom,Chapignon,Breloom,Kapilz
slakoth,Slakoth,Parecool,Slakoth,Bummelz
vigoroth,Vigoroth,Vigoroth,Vigoroth,Muntier
slaking,Slaking,Monaflèmit,Slaking,Letarking
nincada,Nincada,Ningale,Nincada,Nincada
ninjask,Ninjask,Ninjask,Ninjask,Ninjask
shedinja,Shedinja,Munja,Shedinja,Ninjatom
whismur,Whismur,Chuchmur,Whismur,Flurmel
loudred,Loudred,Ramboum,Loudred,Krakeelo
exploud,Exploud,Brouhabam,Exploud,Krawumms
makuhita,Makuhita,Makuhita,Makuhita,Makuhita
hariyama,Hariyama,Hariyama,Hariyama,Hariyama
azurill,Azurill,Azurill,Azurill,Azurill
nosepass,Nosepass,Tarinor,Nosepass,Nasgnet
skitty,Skitty,Skitty,Skitty,Eneco
delcatty,Delcatty,Delcatty,Delcatty,Enekoro
sableye,Sableye,Ténéfix,Sableye,Zobiris
mawile,Mawile,Mysdibule,Mawile,Flunkifer
aron,Aron,Galekid,Aron,Stollunior
lairon,Lairon,Galegon,Lairon,Stollrak
aggron,Aggron,Galeking,Aggron,Stolloss
meditite,Meditite,Méditikka,Meditite,Meditie
medicham,Medicham,Charmina,Medicham,Meditalis
electrike,Electrike,Dynavolt,Electrike,Frizelbliz
manectric,Manectric,Élecsprint,Manectric,Voltenso
plusle,Plusle,Posipi,Plusle,Plusle
minun,Minun,Négapi,Minun,Minun
volbeat,Volbeat,Muciole,Volbeat,Volbeat
illumise,Illumise,Lumivole,Illumise,Illumise
roselia,Roselia,Rosélia,Roselia,Roselia
gulpin,Gulpin,Gloupti,Gulpin,Schluppuck
swalot,Swalot,Avaltout,Swalot,Schlukwech
carvanha,Carvanha,Carvanha,Carvanha,Kanivanha
sharpedo,Sharpedo,Sharpedo,Sharpedo,Tohaido
wailmer,Wailmer,Wailmer,Wailmer,Wailmer
wailord,Wailord,Wailord,Wailord,Wailord
numel,Numel,Chamallot,Numel,Camaub
camerupt,Camerupt,Camérupt,Camerupt,Camerupt
torkoal,Torkoal,Chartor,Torkoal,Qurtel
spoink,Spoink,Spoink,Spoink,Spoink
grumpig,Grumpig,Groret,Grumpig,Groink
spinda,Spinda,Spinda,Spinda,Pandir
trapinch,Trapinch,Kraknoix,Trapinch,Knacklion
vibrava,Vibrava,Vibraninf,Vibrava,Vibrava
flygon,Flygon,Libégon,Flygon,Libelldra
cacnea,Cacnea,Cacnea,Cacnea,Tuska
cacturne,Cacturne,Cacturne,Cacturne,Noktuska
swablu,Swablu,Tylton,Swablu,Wablu
altaria,Altaria,Altaria,Altaria,Altaria
zangoose,Zangoose,Mangriff,Zangoose,Sengo
seviper,Seviper,Séviper,Seviper,Vipitis
lunatone,Lunatone,Séléroc,Lunatone,Lunastein
solrock,Solrock,Solaroc,Solrock,Sonnfel
barboach,Barboach,Barloche,Barboach,Schmerbe
whiscash,Whiscash,Barbicha,Whiscash,Welsar
corphish,Corphish,Écrapince,Corphish,Krebscorps
crawdaunt,Crawdaunt,Colhomard,Crawdaunt,Krebutack
baltoy,Baltoy,Balbuto,Baltoy,Puppance
claydol,Claydol,Kaorine,Claydol,Lepumentas
lileep,Lileep,Lilia,Lileep,Liliep
cradily,Cradily,Vacilys,Cradily,Wielie
anorith,Anorith,Anorith,Anorith,Anorith
armaldo,Armaldo,Armaldo,Armaldo,Armaldo
feebas,Feebas,Barpau,Feebas,Barschwa
milotic,Milotic,Milobellus,Milotic,Milotic
castform,Castform,Morphéo,Castform,Formeo
kecleon,Kecleon,Kecleon,Kecleon,Kecleon
shuppet,Shuppet,Polichombr,Shuppet,Shuppet
banette,Banette,Branette,Banette,Banette
duskull,Duskull,Skelénox,Duskull,Zwirrlicht
dusclops,Dusclops,Téraclope,Dusclops,Zwirrklop
tropius,Tropius,Tropius,Tropius,Tropius
chimecho,Chimecho,Éoko,Chimecho,Palimpalim
absol,Absol,Absol,Absol,Absol
wynaut,Wynaut,Okéoké,Wynaut,Isso
snorunt,Snorunt,Stalgamin,Snorunt,Schneppke
glalie,Glalie,Oniglali,Glalie,Firnontor
spheal,Spheal,Obalie,Spheal,Seemops
sealeo,Sealeo,Phogleur,Sealeo,Seejong
walrein,Walrein,Kaimorse,Walrein,Walraisa
clamperl,Clamperl,Coquiperl,Clamperl,Perlu
huntail,Huntail,Serpang,Huntail,Aalabyss
gorebyss,Gorebyss,Rosabyss,Gorebyss,Saganabyss
relicanth,Relicanth,Relicanth,Relicanth,Relicanth
luvdisc,Luvdisc,Lovdisc,Luvdisc,Liebiskus
bagon,Bagon,Draby,Bagon,Kindwurm
shelgon,Shelgon,Drackhaus,Shelgon,Draschel
salamence,Salamence,Drattak,Salamence,Brutalanda
beldum,Beldum,Terhal,Beldum,Tanhel
metang,Metang,Métang,Metang,Metang
metagross,Metagross,Métalosse,Metagross,Metagross
regirock,Regirock,Regirock,Regirock,Regirock
regice,Regice,Regice,Regice,Regice
registeel,Registeel,Registeel,Registeel,Registeel
latias,Latias,Latias,Latias,Latias
latios,Latios,Latios,Latios,Latios
kyogre,Kyogre,Kyogre,Kyogre,Kyogre
groudon,Groudon,Groudon,Groudon,Groudon
rayquaza,Rayquaza,Rayquaza,Rayquaza,Rayquaza
jirachi,Jirachi,Jirachi,Jirachi,Jirachi
turtwig,Turtwig,Tortipouss,Turtwig,Chelast
grotle,Grotle,Boskara,Grotle,Chelcarain
torterra,Torterra,Torterra,Torterra,Chelterrar
chimchar,Chimchar,Ouisticram,Chimchar,Panflam
monferno,Monferno,Chimpenfeu,Monferno,Panpyro
infernape,Infernape,Simiabraz,Infernape,Panferno
piplup,Piplup,Tiplouf,Piplup,Plinfa
prinplup,Prinplup,Prinplouf,Prinplup,Pliprin
empoleon,Empoleon,Pingoléon,Empoleon,Impoleon
starly,Starly,Étourmi,Starly,Staralili
staravia,Staravia,Étourvol,Staravia,Staravia
staraptor,Staraptor,Étouraptor,Staraptor,Staraptor
bidoof,Bidoof,Keunotor,Bidoof,Bidiza
bibarel,Bibarel,Castorno,Bibarel,Bidifas
kricketot,Kricketot,Crikzik,Kricketot,Zirpurze
kricketune,Kricketune,Mélokrik,Kricketune,Zirpeise
shinx,Shinx,Lixy,Shinx,Sheinux
luxio,Luxio,Luxio,Luxio,Luxio
luxray,Luxray,Luxray,Luxray,Luxtra
budew,Budew,Rozbouton,Budew,Knospi
roserade,Roserade,Roserade,Roserade,Roserade
cranidos,Cranidos,Kranidos,Cranidos,Koknodon
rampardos,Rampardos,Charkos,Rampardos,Rameidon
shieldon,Shieldon,Dinoclier,Shieldon,Schilterus
bastiodon,Bastiodon,Bastiodon,Bastiodon,Bollterus
burmy,Burmy,Cheniti,Burmy,Burmy
mothim,Mothim,Papilord,Mothim,Moterpel
combee,Combee,Apitrini,Combee,Wadribie
vespiquen,Vespiquen,Apireine,Vespiquen,Honweisel
pachirisu,Pachirisu,Pachirisu,Pachirisu,Pachirisu
buizel,Buizel,Mustébouée,Buizel,Bamelin
floatzel,Floatzel,Mustéflott,Floatzel,Bojelin
cherubi,Cherubi,Ceribou,Cherubi,Kikugi
cherrim,Cherrim,Ceriflor,Cherrim,Kinoso
shellos,Shellos,Sancoki,Shellos,Schalellos
gastrodon,Gastrodon,Tritosor,Gastrodon,Gastrodon
ambipom,Ambipom,Capidextre,Ambipom,Ambidiffel
drifloon,Drifloon,Baudrive,Drifloon,Driftlon
drifblim,Drifblim,Grodrive,Drifblim,Drifzepeli
buneary,Buneary,Laporeille,Buneary,Haspiror
lopunny,Lopunny,Lockpin,Lopunny,Schlapor
mismagius,Mismagius,Magirêve,Mismagius,Traunmagil
honchkrow,Honchkrow,Corboss,Honchkrow,Kramshef
glameow,Glameow,Chaglam,Glameow,Charmian
purugly,Purugly,Chaffreux,Purugly,Shnurgarst
chingling,Chingling,Korillon,Chingling,Klingplim
stunky,Stunky,Moufouette,Stunky,Skunkapuh
skuntank,Skuntank,Moufflair,Skuntank,Skuntank
bronzor,Bronzor,Archéomire,Bronzor,Bronzel
bronzong,Bronzong,Archéodong,Bronzong,Bronzong
bonsly,Bonsly,Manzaï,Bonsly,Mobai
mime-jr,Mime Jr.,Mime Jr.,Mime Jr.,Pantimimi
happiny,Happiny,Ptiravi,Happiny,Wonneira
chatot,Chatot,Pijako,Chatot,Plaudagei
spiritomb,Spiritomb,Spiritomb,Spiritomb,Kryppuk
gible,Gible,Griknot,Gible,Kaumalat
gabite,Gabite,Carmache,Gabite,Knarksel
garchomp,Garchomp,Carchacrok,Garchomp,Knakrack
munchlax,Munchlax,Goinfrex,Munchlax,Mampfaxo
riolu,Riolu,Riolu,Riolu,Riolu
lucario,Lucario,Lucario,Lucario,Lucario
hippopotas,Hippopotas,Hippopotas,Hippopotas,Hippopotas
hippowdon,Hippowdon,Hippodocus,Hippowdon,Hippoterus
skorupi,Skorupi,Rapion,Skorupi,Pionskora
drapion,Drapion,Drascore,Drapion,Piondragi
croagunk,Croagunk,Cradopaud,Croagunk,Glibunkel
toxicroak,Toxicroak,Coatox,Toxicroak,Toxiquak
carnivine,Carnivine,Vortente,Carnivine,Venuflibis
finneon,Finneon,Écayon,Finneon,Finneon
lumineon,Lumineon,Luminéon,Lumineon,Lumineon
mantyke,Mantyke,Babimanta,Mantyke,Mantirps
snover,Snover,Blizzi,Snover,Shnebedeck
abomasnow,Abomasnow,Blizzaroi,Abomasnow,Rexblisar
weavile,Weavile,Dimoret,Weavile,Snibunna
magnezone,Magnezone,Magnézone,Magnezone,Magnezone
lickilicky,Lickilicky,Coudlangue,Lickilicky,Schlurplek
rhyperior,Rhyperior,Rhinastoc,Rhyperior,Rihornior
tangrowth,Tangrowth,Bouldeneu,Tangrowth,Tangoloss
electivire,Electivire,Élekable,Electivire,Elevoltek
magmortar,Magmortar,Maganon,Magmortar,Magbrant
togekiss,Togekiss,Togekiss,Togekiss,Togekiss
yanmega,Yanmega,Yanmega,Yanmega,Yanmega
leafeon,Leafeon,Phyllali,Leafeon,Folipurba
glaceon,Glaceon,Givrali,Glaceon,Glaziola
gliscor,Gliscor,Scorvol,Gliscor,Skorgro
mamoswine,Mamoswine,Mammochon,Mamoswine,Mamutel
porygon-z,Porygon-Z,Porygon-Z,Porygon-Z,Porygon-Z
gallade,Gallade,Gallame,Gallade,Galagladi
probopass,Probopass,Tarinorme,Probopass,Voluminas
dusknoir,Dusknoir,Noctunoir,Dusknoir,Zwirrfinst
froslass,Froslass,Momartik,Froslass,Frosdedje
rotom,Rotom,Motisma,Rotom,Rotom
uxie,Uxie,Créhelf,Uxie,Selfe
mesprit,Mesprit,Créfollet,Mesprit,Vesprit
azelf,Azelf,Créfadet,Azelf,Tobutz
dialga,Dialga,Dialga,Dialga,Dialga
palkia,Palkia,Palkia,Palkia,Palkia
heatran,Heatran,Heatran,Heatran,Heatran
regigigas,Regigigas,Regigigas,Regigigas,Regigigas
cresselia,Cresselia,Cresselia,Cresselia,Cresselia
phione,Phione,Phione,Phione,Phione
manaphy,Manaphy,Manaphy,Manaphy,Manaphy
darkrai,Darkrai,Darkrai,Darkrai,Darkrai
arceus,Arceus,Arceus,Arceus,Arceus
victini,Victini,Victini,Victini,Victini
snivy,Snivy,Vipélierre,Snivy,Serpifeu
servine,Servine,Lianaja,Servine,Efoserp
serperior,Serperior,Majaspic,Serperior,Serpiroyal
tepig,Tepig,Gruikui,Tepig,Floink
pignite,Pignite,Grotichon,Pignite,Ferkokel
emboar,Emboar,Roitiflam,Emboar,Flambirex
oshawott,Oshawott,Moustillon,Oshawott,Ottaro
dewott,Dewott,Mateloutre,Dewott,Zwottronin
samurott,Samurott,Clamiral,Samurott,Admurai
patrat,Patrat,Ratentif,Patrat,Nagelotz
watchog,Watchog,Miradar,Watchog,Kukmarda
lillipup,Lillipup,Ponchiot,Lillipup,Yorkleff
herdier,Herdier,Ponchien,Herdier,Terribark
stoutland,Stoutland,Mastouffe,Stoutland,Bissbark
purrloin,Purrloin,Chacripan,Purrloin,Felilou
liepard,Liepard,Léopardus,Liepard,Kleoparda
pansage,Pansage,Feuillajou,Pansage,Vegimak
simisage,Simisage,Feuiloutan,Simisage,Vegichita
pansear,Pansear,Flamajou,Pansear,Grillmak
simisear,Simisear,Flamoutan,Simisear,Grillchita
panpour,Panpour,Flotajou,Panpour,Sodamak
simipour,Simipour,Flotoutan,Simipour,Sodachita
munna,Munna,Munna,Munna,Somniam
musharna,Musharna,Mushana,Musharna,Somnivora
pidove,Pidove,Poichigeon,Pidove,Dusselgurr
tranquill,Tranquill,Colombeau,Tranquill,Navitaub
unfezant,Unfezant,Déflaisan,Unfezant,Fasasnob
blitzle,Blitzle,Zébibron,Blitzle,Elezeba
zebstrika,Zebstrika,Zéblitz,Zebstrika,Zebritz
roggenrola,Roggenrola,Nodulithe,Roggenrola,Kiesling
boldore,Boldore,Géolithe,Boldore,Sedimantur
gigalith,Gigalith,Gigalithe,Gigalith,Brockoloss
woobat,Woobat,Chovsourir,Woobat,Fleknoil
swoobat,Swoobat,Rhinolove,Swoobat,Fletiamo
drilbur,Drilbur,Rototaupe,Drilbur,Rotomurf
excadrill,Excadrill,Minotaupe,Excadrill,Stalobor
audino,Audino,Nanméouïe,Audino,Ohrdoch
timburr,Timburr,Charpenti,Timburr,Praktibalk
gurdurr,Gurdurr,Ouvrifier,Gurdurr,Strepoli
conkeldurr,Conkeldurr,Bétochef,Conkeldurr,Meistagrif
tympole,Tympole,Tritonde,Tympole,Schallquap
palpitoad,Palpitoad,Batracné,Palpitoad,Mebrana
seismitoad,Seismitoad,Crapustule,Seismitoad,Branawarz
throh,Throh,Judokrak,Throh,Jiutesto
sawk,Sawk,Karaclée,Sawk,Karadonis
sewaddle,Sewaddle,Larveyette,Sewaddle,Strawickl
swadloon,Swadloon,Couverdure,Swadloon,Folikon
leavanny,Leavanny,Manternel,Leavanny,Matrifol
venipede,Venipede,Venipatte,Venipede,Toxiped
whirlipede,Whirlipede,Scobolide,Whirlipede,Rollum
scolipede,Scolipede,Brutapode,Scolipede,Cerapendra
cottonee,Cottonee,Doudouvet,Cottonee,Waumboll
whimsicott,Whimsicott,Farfaduvet,Whimsicott,Elfun
petilil,Petilil,Chlorobule,Petilil,Lilminip
lilligant,Lilligant,Fragilady,Lilligant,Dressella
sandile,Sandile,Mascaïman,Sandile,Ganovil
krokorok,Krokorok,Escroco,Krokorok,Rokkaiman
krookodile,Krookodile,Crocorible,Krookodile,Rabigator
darumaka,Darumaka,Darumarond,Darumaka,Flampion
maractus,Maractus,Maracachi,Maractus,Maracamba
dwebble,Dwebble,Crabicoque,Dwebble,Lithomith
crustle,Crustle,Crabaraque,Crustle,Castellith
scraggy,Scraggy,Baggiguane,Scraggy,Zurrokex
scrafty,Scrafty,Baggaïd,Scrafty,Irokex
sigilyph,Sigilyph,Cryptéro,Sigilyph,Symvolara
yamask,Yamask,Tutafeh,Yamask,Makabaja
cofagrigus,Cofagrigus,Tutankafer,Cofagrigus,Echnatoll
tirtouga,Tirtouga,Carapagos,Tirtouga,Galapaflos
carracosta,Carracosta,Mégapagos,Carracosta,Karippas
archen,Archen,Arkéapti,Archen,Flapteryx
archeops,Archeops,Aéroptéryx,Archeops,Aeropteryx
trubbish,Trubbish,Miamiasme,Trubbish,Unratütox
garbodor,Garbodor,Miasmax,Garbodor,Deponitox
zorua,Zorua,Zorua,Zorua,Zorua
zoroark,Zoroark,Zoroark,Zoroark,Zoroark
minccino,Minccino,Chinchidou,Minccino,Picochilla
cinccino,Cinccino,Pashmilla,Cinccino,Chillabell
gothita,Gothita,Scrutella,Gothita,Mollimorba
gothorita,Gothorita,Mesmérella,Gothorita,Hypnomorba
gothitelle,Gothitelle,Sidérella,Gothitelle,Morbitesse
solosis,Solosis,Nucléos,Solosis,Monozyto
duosion,Duosion,Méios,Duosion,Mitodos
reuniclus,Reuniclus,Symbios,Reuniclus,Zytomega
ducklett,Ducklett,Couaneton,Ducklett,Piccolente
swanna,Swanna,Lakmécygne,Swanna,Swaroness
vanillite,Vanillite,Sorbébé,Vanillite,Gelatini
vanillish,Vanillish,Sorboul,Vanillish,Gelatroppo
vanilluxe,Vanilluxe,Sorbouboul,Vanilluxe,Gelatwino
deerling,Deerling,Vivaldaim,Deerling,Sesokitz
sawsbuck,Sawsbuck,Haydaim,Sawsbuck,Kronjuwild
emolga,Emolga,Emolga,Emolga,Emolga
karrablast,Karrablast,Carabing,Karrablast,Laukaps
escavalier,Escavalier,Lançargot,Escavalier,Cavalanzas
foongus,Foongus,Trompignon,Foongus,Tarnpignon
amoonguss,Amoonguss,Gaulet,Amoonguss,Hutsassa
frillish,Frillish,Viskuse,Frillish,Quabbel
jellicent,Jellicent,Moyade,Jellicent,Apoquallyp
alomomola,Alomomola,Mamanbo,Alomomola,Mamolida
joltik,Joltik,Statitik,Joltik,Wattzapf
galvantula,Galvantula,Mygavolt,Galvantula,Voltula
ferroseed,Ferroseed,Grindur,Ferroseed,Kastadur
ferrothorn,Ferrothorn,Noacier,Ferrothorn,Tentantel
klink,Klink,Tic,Klink,Klikk
klang,Klang,Clic,Klang,Kliklak
klinklang,Klinklang,Cliticlic,Klinklang,Klikdiklak
tynamo,Tynamo,Anchwatt,Tynamo,Zapplardin
eelektrik,Eelektrik,Lampéroie,Eelektrik,Zapplalek
eelektross,Eelektross,Ohmassacre,Eelektross,Zapplarang
elgyem,Elgyem,Lewsor,Elgyem,Pygraulon
beheeyem,Beheeyem,Neitram,Beheeyem,Megalon
litwick,Litwick,Funécire,Litwick,Lichtel
lampent,Lampent,Mélancolux,Lampent,Laternecto
chandelure,Chandelure,Lugulabre,Chandelure,Skelabra
axew,Axew,Coupenotte,Axew,Milza
fraxure,Fraxure,Incisache,Fraxure,Sharfax
haxorus,Haxorus,Tranchodon,Haxorus,Maxax
cubchoo,Cubchoo,Polarhume,Cubchoo,Petznief
beartic,Beartic,Polagriffe,Beartic,Siberio
cryogonal,Cryogonal,Hexagel,Cryogonal,Frigometri
shelmet,Shelmet,Escargaume,Shelmet,Schnuthelm
accelgor,Accelgor,Limaspeed,Accelgor,Hydragil
stunfisk,Stunfisk,Limonde,Stunfisk,Flunschlik
mienfoo,Mienfoo,Kungfouine,Mienfoo,Lin-Fu
mienshao,Mienshao,Shaofouine,Mienshao,Wie-Shu
druddigon,Druddigon,Drakkarmin,Druddigon,Shardrago
golett,Golett,Gringolem,Golett,Golbit
golurk,Golurk,Golemastoc,Golurk,Golgantes
pawniard,Pawniard,Scalpion,Pawniard,Gladiantri
bisharp,Bisharp,Scalproie,Bisharp,Caesurio
bouffalant,Bouffalant,Frison,Bouffalant,Bisofank
rufflet,Rufflet,Furaiglon,Rufflet,Geronimatz
braviary,Braviary,Gueriaigle,Braviary,Washakwil
vullaby,Vullaby,Vostourno,Vullaby,Skallyk
mandibuzz,Mandibuzz,Vaututrice,Mandibuzz,Grypheldis
heatmor,Heatmor,Aflamanoir,Heatmor,Furnifraß
durant,Durant,Fermite,Durant,Fermicula
deino,Deino,Solochi,Deino,Kapuno
zweilous,Zweilous,Diamat,Zweilous,Duodino
hydreigon,Hydreigon,Trioxhydre,Hydreigon,Trikephalo
larvesta,Larvesta,Pyronille,Larvesta,Ignivor
volcarona,Volcarona,Pyrax,Volcarona,Ramoth
cobalion,Cobalion,Cobaltium,Cobalion,Kobalium
terrakion,Terrakion,Terrakium,Terrakion,Terrakium
virizion,Virizion,Viridium,Virizion,Viridium
reshiram,Reshiram,Reshiram,Reshiram,Reshiram
zekrom,Zekrom,Zekrom,Zekrom,Zekrom
kyurem,Kyurem,Kyurem,Kyurem,Kyurem
genesect,Genesect,Genesect,Genesect,Genesect
chespin,Chespin,Marisson,Chespin,Igamaro
quilladin,Quilladin,Boguérisse,Quilladin,Igastarnish
chesnaught,Chesnaught,Blindépique,Chesnaught,Brigaron
fennekin,Fennekin,Feunnec,Fennekin,Fynx
braixen,Braixen,Roussil,Braixen,Rutena
delphox,Delphox,Goupelin,Delphox,Fennexis
froakie,Froakie,Grenousse,Froakie,Froxy
frogadier,Frogadier,Croâporal,Frogadier,Amphizel
greninja,Greninja,Amphinobi,Greninja,Quajutsu
bunnelby,Bunnelby,Sapereau,Bunnelby,Scoppel
diggersby,Diggersby,Excavarenne,Diggersby,Grebbit
fletchling,Fletchling,Passerouge,Fletchling,Dartiri
fletchinder,Fletchinder,Braisillon,Fletchinder,Dartignis
talonflame,Talonflame,Flambusard,Talonflame,Fiaro
scatterbug,Scatterbug,Lépidonille,Scatterbug,Purmel
spewpa,Spewpa,Pérégrain,Spewpa,Puponcho
vivillon,Vivillon,Prismillon,Vivillon,Vivillon
litleo,Litleo,Hélionceau,Litleo,Leufeo
pyroar,Pyroar,Némélios,Pyroar,Pyroleo
flabebe,Flabébé,Flabébé,Flabébé,Flabébé
floette,Floette,Floette,Floette,Floette
florges,Florges,Florges,Florges,Florges
skiddo,Skiddo,Cabriolaine,Skiddo,Mähikel
gogoat,Gogoat,Chevroum,Gogoat,Chevrumm
pancham,Pancham,Pandespiègle,Pancham,Pam-Pam
pangoro,Pangoro,Pandarbare,Pangoro,Pandagro
furfrou,Furfrou,Couafarel,Furfrou,Coiffwaff
espurr,Espurr,Psystigri,Espurr,Psiau
honedge,Honedge,Monorpale,Honedge,Gramokles
doublade,Doublade,Dimoclès,Doublade,Duokles
spritzee,Spritzee,Fluvetin,Spritzee,Parfi
aromatisse,Aromatisse,Cocotine,Aromatisse,Parfinesse
swirlix,Swirlix,Sucroquin,Swirlix,Flauschling
slurpuff,Slurpuff,Cupcanaille,Slurpuff,Sabbaione
inkay,Inkay,Sepiatop,Inkay,Iscalar
malamar,Malamar,Sepiatroce,Malamar,Calamanero
binacle,Binacle,Opermine,Binacle,Bithora
barbaracle,Barbaracle,Golgopathe,Barbaracle,Thanathora
skrelp,Skrelp,Venalgue,Skrelp,Algitt
dragalge,Dragalge,Kravarech,Dragalge,Tandrak
clauncher,Clauncher,Flingouste,Clauncher,Scampisto
clawitzer,Clawitzer,Gamblast,Clawitzer,Wummer
helioptile,Helioptile,Galvaran,Helioptile,Eguana
heliolisk,Heliolisk,Iguolta,Heliolisk,Elezard
tyrunt,Tyrunt,Ptyranidur,Tyrunt,Balgoras
tyrantrum,Tyrantrum,Rexillius,Tyrantrum,Monargoras
amaura,Amaura,Amagara,Amaura,Amarino
aurorus,Aurorus,Dragmara,Aurorus,Amagarga
sylveon,Sylveon,Nymphali,Sylveon,Feelinara
hawlucha,Hawlucha,Brutalibré,Hawlucha,Resladero
dedenne,Dedenne,Dedenne,Dedenne,Dedenne
carbink,Carbink,Strassie,Carbink,Rocara
goomy,Goomy,Mucuscule,Goomy,Viscora
sliggoo,Sliggoo,Colimucus,Sliggoo,Viscargot
goodra,Goodra,Muplodocus,Goodra,Viscogon
klefki,Klefki,Trousselin,Klefki,Clavion
phantump,Phantump,Brocélôme,Phantump,Paragoni
trevenant,Trevenant,Desséliande,Trevenant,Trombork
bergmite,Bergmite,Grelaçon,Bergmite,Arktip
avalugg,Avalugg,Séracrawl,Avalugg,Arktilas
noibat,Noibat,Sonistrelle,Noibat,eF-eM
noivern,Noivern,Bruyverne,Noivern,UHaFnir
xerneas,Xerneas,Xerneas,Xerneas,Xerneas
yveltal,Yveltal,Yveltal,Yveltal,Yveltal
diancie,Diancie,Diancie,Diancie,Diancie
hoopa,Hoopa,Hoopa,Hoopa,Hoopa
volcanion,Volcanion,Volcanion,Volcanion,Volcanion
rowlet,Rowlet,Brindibou,Rowlet,Bauz
dartrix,Dartrix,Efflèche,Dartrix,Arboretoss
decidueye,Decidueye,Archéduc,Decidueye,Silvarro
litten,Litten,Flamiaou,Litten,Flamiau
torracat,Torracat,Matoufeu,Torracat,Miezunder
incineroar,Incineroar,Félinferno,Incineroar,Fuegro
popplio,Popplio,Otaquin,Popplio,Robball
brionne,Brionne,Otarlette,Brionne,Marikeck
primarina,Primarina,Oratoria,Primarina,Primarene
pikipek,Pikipek,Picassaut,Pikipek,Peppeck
trumbeak,Trumbeak,Piclairon,Trumbeak,Trompeck
toucannon,Toucannon,Bazoucan,Toucannon,Tukanon
yungoos,Yungoos,Manglouton,Yungoos,Mangunior
gumshoos,Gumshoos,Argouste,Gumshoos,Manguspektor
grubbin,Grubbin,Larvibule,Grubbin,Mabula
charjabug,Charjabug,Chrysapile,Charjabug,Akkup
vikavolt,Vikavolt,Lucanon,Vikavolt,Donarion
crabrawler,Crabrawler,Crabagarre,Crabrawler,Krabbox
crabominable,Crabominable,Crabominable,Crabominable,Krawell
cutiefly,Cutiefly,Bombydou,Cutiefly,Wommel
ribombee,Ribombee,Rubombelle,Ribombee,Bandelby
rockruff,Rockruff,Rocabot,Rockruff,Wuffels
mareanie,Mareanie,Vorastérie,Mareanie,Garstella
toxapex,Toxapex,Prédastérie,Toxapex,Aggrostella
mudbray,Mudbray,Tiboudet,Mudbray,Pampuli
mudsdale,Mudsdale,Bourrinos,Mudsdale,Pampross
dewpider,Dewpider,Araqua,Dewpider,Araqua
araquanid,Araquanid,Tarenbulle,Araquanid,Aranestro
fomantis,Fomantis,Mimantis,Fomantis,Imantis
lurantis,Lurantis,Floramantis,Lurantis,Mantidea
morelull,Morelull,Spododo,Morelull,Bubungus
shiinotic,Shiinotic,Lampignon,Shiinotic,Lamellux
salandit,Salandit,Tritox,Salandit,Molunk
salazzle,Salazzle,Malamandre,Salazzle,Amfira
stufful,Stufful,Nounourson,Stufful,Velursi
bewear,Bewear,Chelours,Bewear,Kosturso
bounsweet,Bounsweet,Croquine,Bounsweet,Frubberl
steenee,Steenee,Candine,Steenee,Frubaila
tsareena,Tsareena,Sucreine,Tsareena,Fruyal
comfey,Comfey,Guérilande,Comfey,Curelei
oranguru,Oranguru,Gouroutan,Oranguru,Kommandutan
passimian,Passimian,Quartermac,Passimian,Quartermak
wimpod,Wimpod,Sovkipou,Wimpod,Reißlaus
golisopod,Golisopod,Sarmuraï,Golisopod,Tectass
sandygast,Sandygast,Bacabouh,Sandygast,Sankabuh
palossand,Palossand,Trépassable,Palossand,Colossand
pyukumuku,Pyukumuku,Concombaffe,Pyukumuku,Gufa
type-null,Type: Null,Type:0,Tipo Zero,Typ:Null
silvally,Silvally,Silvallié,Silvally,Amigento
komala,Komala,Dodoala,Komala,Koalelu
turtonator,Turtonator,Boumata,Turtonator,Tortunator
togedemaru,Togedemaru,Togedemaru,Togedemaru,Togedemaru
bruxish,Bruxish,Denticrisse,Bruxish,Knirfish
drampa,Drampa,Draïeul,Drampa,Sen-Long
dhelmise,Dhelmise,Sinistrail,Dhelmise,Moruda
jangmo-o,Jangmo-o,Bébécaille,Jangmo-o,Miniras
hakamo-o,Hakamo-o,Écaïd,Hakamo-o,Mediras
kommo-o,Kommo-o,Ékaïser,Kommo-o,Grandiras
tapu-koko,Tapu Koko,Tokorico,Tapu Koko,Kapu-Riki
tapu-lele,Tapu Lele,Tokopiyon,Tapu Lele,Kapu-Fala
tapu-bulu,Tapu Bulu,Tokotoro,Tapu Bulu,Kapu-Toro
tapu-fini,Tapu Fini,Tokopisco,Tapu Fini,Kapu-Kime
cosmog,Cosmog,Cosmog,Cosmog,Cosmog
cosmoem,Cosmoem,Cosmovum,Cosmoem,Cosmovum
solgaleo,Solgaleo,Solgaleo,Solgaleo,Solgaleo
lunala,Lunala,Lunala,Lunala,Lunala
nihilego,Nihilego,Zéroïd,Nihilego,Anego
buzzwole,Buzzwole,Mouscoto,Buzzwole,Masskito
pheromosa,Pheromosa,Cancrelove,Pheromosa,Schabelle
xurkitree,Xurkitree,Câblifère,Xurkitree,Voltriant
celesteela,Celesteela,Bamboiselle,Celesteela,Kaguron
kartana,Kartana,Katagami,Kartana,Katagami
guzzlord,Guzzlord,Engloutyran,Guzzlord,Schlingking
necrozma,Necrozma,Necrozma,Necrozma,Necrozma
magearna,Magearna,Magearna,Magearna,Magearna
marshadow,Marshadow,Marshadow,Marshadow,Marshadow
poipole,Poipole,Vémini,Poipole,Venicro
naganadel,Naganadel,Mandrillon,Naganadel,Agoyon
stakataka,Stakataka,Ama-Ama,Stakataka,Muramura
blacephalon,Blacephalon,Pierroteknik,Blacephalon,Kopplosio
zeraora,Zeraora,Zeraora,Zeraora,Zeraora
meltan,Meltan,Meltan,Meltan,Meltan
melmetal,Melmetal,Melmetal,Melmetal,Melmetal
grookey,Grookey,Ouistempo,Grookey,Chimpep
thwackey,Thwackey,Badabouin,Thwackey,Chimstix
rillaboom,Rillaboom,Gorythmic,Rillaboom,Gortrom
scorbunny,Scorbunny,Flambino,Scorbunny,Hopplo
raboot,Raboot,Lapyro,Raboot,Kickerlo
cinderace,Cinderace,Pyrobut,Cinderace,Liberlo
sobble,Sobble,Larméléon,Sobble,Memmeon
drizzile,Drizzile,Arrozard,Drizzile,Phlegleon
inteleon,Inteleon,Lézargus,Inteleon,Intelleon
skwovet,Skwovet,Rongourmand,Skwovet,Raffel
greedent,Greedent,Rongrigou,Greedent,Schlaraffel
rookidee,Rookidee,Minisange,Rookidee,Meikro
corvisquire,Corvisquire,Bleuseille,Corvisquire,Kranoviz
corviknight,Corviknight,Corvaillus,Corviknight,Krarmor
blipbug,Blipbug,Larvadar,Blipbug,Sensect
dottler,Dottler,Coléodôme,Dottler,Keradar
orbeetle,Orbeetle,Astronelle,Orbeetle,Maritellit
nickit,Nickit,Goupilou,Nickit,Kleptifux
thievul,Thievul,Roublenard,Thievul,Gaunux
gossifleur,Gossifleur,Tournicoton,Gossifleur,Cottini
eldegoss,Eldegoss,Blancoton,Eldegoss,Cottomi
wooloo,Wooloo,Moumouton,Wooloo,Wolly
dubwool,Dubwool,Moumouflon,Dubwool,Zwollock
chewtle,Chewtle,Khélocrok,Chewtle,Kamehaps
drednaw,Drednaw,Torgamord,Drednaw,Kamalm
yamper,Yamper,Voltoutou,Yamper,Voldi
boltund,Boltund,Fulgudog,Boltund,Bellektro
rolycoly,Rolycoly,Charbi,Rolycoly,Klonkett
carkol,Carkol,Wagomine,Carkol,Wagong
coalossal,Coalossal,Monthracite,Coalossal,Montecarbo
applin,Applin,Verpom,Applin,Knapfel
flapple,Flapple,Pomdrapi,Flapple,Drapfel
appletun,Appletun,Dratatin,Appletun,Schlapfel
silicobra,Silicobra,Dunaja,Silicobra,Salanga
sandaconda,Sandaconda,Dunaconda,Sandaconda,Sanaconda
cramorant,Cramorant,Nigosier,Cramorant,Urgl
arrokuda,Arrokuda,Embrochet,Arrokuda,Pikuda
barraskewda,Barraskewda,Hastacuda,Barraskewda,Barrakiefa
toxel,Toxel,Toxizap,Toxel,Toxel
sizzlipede,Sizzlipede,Grillepattes,Sizzlipede,Thermopod
centiskorch,Centiskorch,Scolocendre,Centiskorch,Infernopod
clobbopus,Clobbopus,Poulpaf,Clobbopus,Klopptopus
grapploct,Grapploct,Krakos,Grapploct,Kaocto
sinistea,Sinistea,Théffroi,Sinistea,Fatalitee
polteageist,Polteageist,Polthégeist,Polteageist,Mortipot
hatenna,Hatenna,Bibichut,Hatenna,Brimova
hattrem,Hattrem,Chapotus,Hattrem,Brimano
hatterene,Hatterene,Sorcilence,Hatterene,Silembrim
impidimp,Impidimp,Grimalin,Impidimp,Bähmon
morgrem,Morgrem,Fourbelin,Morgrem,Pelzebub
grimmsnarl,Grimmsnarl,Angoliath,Grimmsnarl,Olangaar
obstagoon,Obstagoon,Ixon,Obstagoon,Barrikadax
perrserker,Perrserker,Berserkatt,Perrserker,Mauzinger
cursola,Cursola,Corayôme,Cursola,Gorgasonn
sirfetchd,Sirfetch’d,Palarticho,Sirfetch’d,Lauchzelot
mr-rime,Mr. Rime,M. Glaquette,Mr. Rime,Pantifrost
runerigus,Runerigus,Tutétékri,Runerigus,Oghnatoll
milcery,Milcery,Crèmy,Milcery,Hokumil
alcremie,Alcremie,Charmilly,Alcremie,Pokusan
falinks,Falinks,Hexadron,Falinks,Legios
pincurchin,Pincurchin,Wattapik,Pincurchin,Britzigel
snom,Snom,Frissonille,Snom,Snomnom
frosmoth,Frosmoth,Beldeneige,Frosmoth,Mottineva
stonjourner,Stonjourner,Dolman,Stonjourner,Humanolith
cufant,Cufant,Charibari,Cufant,Kupfanti
copperajah,Copperajah,Pachyradjah,Copperajah,Patinaraja
dracozolt,Dracozolt,Galvagon,Dracozolt,Lectragon
arctozolt,Arctozolt,Galvagla,Arctozolt,Lecryodon
dracovish,Dracovish,Hydragon,Dracovish,Pescragon
arctovish,Arctovish,Hydragla,Arctovish,Pescryodon
duraludon,Duraludon,Duralugon,Duraludon,Duraludon
dreepy,Dreepy,Fantyrm,Dreepy,Grolldra
drakloak,Drakloak,Dispareptil,Drakloak,Phandra
dragapult,Dragapult,Lanssorien,Dragapult,Katapuldra
zacian,Zacian,Zacian,Zacian,Zacian
zamazenta,Zamazenta,Zamazenta,Zamazenta,Zamazenta
eternatus,Eternatus,Éthernatos,Eternatus,Endynalos
kubfu,Kubfu,Wushours,Kubfu,Dakuma
zarude,Zarude,Zarude,Zarude,Zarude
regieleki,Regieleki,Regieleki,Regieleki,Regieleki
regidrago,Regidrago,Regidrago,Regidrago,Regidrago
glastrier,Glastrier,Blizzeval,Glastrier,Polaross
spectrier,Spectrier,Spectreval,Spectrier,Phantoross
calyrex,Calyrex,Sylveroy,Calyrex,Coronospa
wyrdeer,Wyrdeer,Cerbyllin,Wyrdeer,Damythir
kleavor,Kleavor,Hachécateur,Kleavor,Axantor
ursaluna,Ursaluna,Ursaking,Ursaluna,Ursaluna
sneasler,Sneasler,Farfurex,Sneasler,Snieboss
overqwil,Overqwil,Qwilpik,Overqwil,Myriador
sprigatito,Sprigatito,Poussacha,Sprigatito,Felori
floragato,Floragato,Matourgeon,Floragato,Feliospa
meowscarada,Meowscarada,Miascarade,Meowscarada,Maskagato
fuecoco,Fuecoco,Chochodile,Fuecoco,Krokel
crocalor,Crocalor,Crocogril,Crocalor,Lokroko
skeledirge,Skeledirge,Flâmigator,Skeledirge,Skelokrok
quaxly,Quaxly,Coiffeton,Quaxly,Kwaks
quaxwell,Quaxwell,Canarbello,Quaxwell,Fuentente
quaquaval,Quaquaval,Palmaval,Quaquaval,Bailonda
lechonk,Lechonk,Gourmelet,Lechonk,Ferkuli
oinkologne,Oinkologne,Fragroin,Oinkologne,Fragrunz
tarountula,Tarountula,Tissenboule,Tarountula,Tarundel
spidops,Spidops,Filentrappe,Spidops,Spinsidias
nymble,Nymble,Lilliterelle,Nymble,Micrick
lokix,Lokix,Gambex,Lokix,Lextremo
pawmi,Pawmi,Pohm,Pawmi,Pamo
pawmo,Pawmo,Pohmotte,Pawmo,Pamamo
pawmot,Pawmot,Pohmarmotte,Pawmot,Pamomamo
tandemaus,Tandemaus,Compagnol,Tandemaus,Zwieps
maushold,Maushold,Famignol,Maushold,Famieps
fidough,Fidough,Pâtachiot,Fidough,Hefel
dachsbun,Dachsbun,Briochien,Dachsbun,Backel
smoliv,Smoliv,Olivini,Smoliv,Olini
dolliv,Dolliv,Olivado,Dolliv,Olivinio
arboliva,Arboliva,Arboliva,Arboliva,Olithena
squawkabilly,Squawkabilly,Tapatoès,Squawkabilly,Krawalloro
nacli,Nacli,Selutin,Nacli,Geosali
naclstack,Naclstack,Amassel,Naclstack,Sedisal
garganacl,Garganacl,Gigansel,Garganacl,Saltigant
charcadet,Charcadet,Charbambin,Charcadet,Knarbon
armarouge,Armarouge,Carmadura,Armarouge,Crimanzo
ceruledge,Ceruledge,Malvalame,Ceruledge,Azugladis
tadbulb,Tadbulb,Têtampoule,Tadbulb,Blipp
bellibolt,Bellibolt,Ampibidou,Bellibolt,Wampitz
wattrel,Wattrel,Zapétrel,Wattrel,Voltrel
kilowattrel,Kilowattrel,Fulgulairo,Kilowattrel,Voltrean
maschiff,Maschiff,Grondogue,Maschiff,Mobtiff
mabosstiff,Mabosstiff,Dogrino,Mabosstiff,Mastifioso
shroodle,Shroodle,Gribouraigne,Shroodle,Sproxi
grafaiai,Grafaiai,Tag-Tag,Grafaiai,Affiti
bramblin,Bramblin,Virovent,Bramblin,Weherba
brambleghast,Brambleghast,Virevorreur,Brambleghast,Horrerba
toedscool,Toedscool,Terracool,Toedscool,Tentagra
toedscruel,Toedscruel,Terracruel,Toedscruel,Tenterra
klawf,Klawf,Craparoi,Klawf,Klibbe
capsakid,Capsakid,Pimito,Capsakid,Chilingel
scovillain,Scovillain,Scovilain,Scovillain,Halupenjo
rellor,Rellor,Léboulérou,Rellor,Relluk
rabsca,Rabsca,Bérasca,Rabsca,Skarabaks
flittle,Flittle,Flotillon,Flittle,Flattutu
espathra,Espathra,Cléopsytra,Espathra,Psiopatra
tinkatink,Tinkatink,Forgerette,Tinkatink,Forgita
tinkatuff,Tinkatuff,Forgella,Tinkatuff,Tafforgita
tinkaton,Tinkaton,Forgelina,Tinkaton,Granforgita
wiglett,Wiglett,Taupikeau,Wiglett,Schligda
wugtrio,Wugtrio,Triopikeau,Wugtrio,Schligdri
bombirdier,Bombirdier,Lestombaile,Bombirdier,Adebom
finizen,Finizen,Dofin,Finizen,Normifin
palafin,Palafin,Superdofin,Palafin,Delfinator
varoom,Varoom,Vrombi,Varoom,Knattox
revavroom,Revavroom,Vrombotor,Revavroom,Knattatox
cyclizar,Cyclizar,Motorizard,Cyclizar,Mopex
orthworm,Orthworm,Ferdeter,Orthworm,Schlurm
glimmet,Glimmet,Germéclat,Glimmet,Lumispross
glimmora,Glimmora,Floréclat,Glimmora,Lumiflora
greavard,Greavard,Toutombe,Greavard,Gruff
houndstone,Houndstone,Tomberro,Houndstone,Friedwuff
flamigo,Flamigo,Flamenroule,Flamigo,Flaminkno
cetoddle,Cetoddle,Piétacé,Cetoddle,Flaniwal
cetitan,Cetitan,Balbalèze,Cetitan,Kolowal
veluza,Veluza,Délestin,Veluza,Agiluza
dondozo,Dondozo,Oyacata,Dondozo,Heerashai
tatsugiri,Tatsugiri,Nigirigon,Tatsugiri,Nigiragi
annihilape,Annihilape,Courrousinge,Annihilape,Epitaff
clodsire,Clodsire,Terraiste,Clodsire,Suelord
farigiraf,Farigiraf,Farigiraf,Farigiraf,Farigiraf
dudunsparce,Dudunsparce,Deusolourdo,Dudunsparce,Dummimisel
kingambit,Kingambit,Scalpereur,Kingambit,Gladimperio
great-tusk,Great Tusk,Fort-Ivoire,Grandizanne,Riesenzahn
scream-tail,Scream Tail,Hurle-Queue,Codaurlante,Brüllschweif
brute-bonnet,Brute Bonnet,Fongus-Furie,Fungofurioso,Wutpilz
flutter-mane,Flutter Mane,Flotte-Mèche,Crinealato,Flatterhaar
slither-wing,Slither Wing,Rampe-Ailes,Alirasenti,Kriechflügel
sandy-shocks,Sandy Shocks,Pelage-Sablé,Peldisabbia,Sandfell
iron-treads,Iron Treads,Roue-de-Fer,Solcoferreo,Eisenrad
iron-bundle,Iron Bundle,Hotte-de-Fer,Saccoferreo,Eisenbündel
iron-hands,Iron Hands,Paume-de-Fer,Manoferrea,Eisenhand
iron-jugulis,Iron Jugulis,Têtes-de-Fer,Colloferreo,Eisenhals
iron-moth,Iron Moth,Mite-de-Fer,Falenaferrea,Eisenfalter
iron-thorns,Iron Thorns,Épine-de-Fer,Spineferree,Eisendorn
frigibax,Frigibax,Frigodo,Frigibax,Frospino
arctibax,Arctibax,Cryodo,Arctibax,Cryospino
baxcalibur,Baxcalibur,Glaivodo,Baxcalibur,Espinodon
gimmighoul,Gimmighoul,Mordudor,Gimmighoul,Gierspenst
gholdengo,Gholdengo,Gromago,Gholdengo,Monetigo
wo-chien,Wo-Chien,Chongjian,Wo-Chien,Chongjian
chien-pao,Chien-Pao,Baojian,Chien-Pao,Baojian
ting-lu,Ting-Lu,Dinglu,Ting-Lu,Dinglu
chi-yu,Chi-Yu,Yuyu,Chi-Yu,Yuyu
roaring-moon,Roaring Moon,Rugit-Lune,Lunaruggente,Donnersichel
iron-valiant,Iron Valiant,Garde-de-Fer,Eroeferreo,Eisenkrieger
koraidon,Koraidon,Koraidon,Koraidon,Koraidon
miraidon,Miraidon,Miraidon,Miraidon,Miraidon
walking-wake,Walking Wake,Serpente-Eau,Acquecrespe,Windewoge
iron-leaves,Iron Leaves,Vert-de-Fer,Fogliaferrea,Eisenblatt
dipplin,Dipplin,Pomdramour,Dipplin,Sirapfel
poltchageist,Poltchageist,Poltchageist,Poltchageist,Mortcha
sinistcha,Sinistcha,Théffroyable,Sinistcha,Fatalitcha
okidogi,Okidogi,Félicanis,Okidogi,Boninu
munkidori,Munkidori,Fortusimia,Munkidori,Benesaru
fezandipiti,Fezandipiti,Favianos,Fezandipiti,Beatori
ogerpon,Ogerpon,Ogerpon,Ogerpon,Ogerpon
archaludon,Archaludon,Pondralugon,Archaludon,Briduradon
hydrapple,Hydrapple,Pomdorochi,Hydrapple,Hydrapfel
gouging-fire,Gouging Fire,Feu-Perçant,Vampeaguzze,Keilflamme
raging-bolt,Raging Bolt,Ire-Foudre,Furiatonante,Furienblitz
iron-boulder,Iron Boulder,Roc-de-Fer,Massoferreo,Eisenfels
iron-crown,Iron Crown,Chef-de-Fer,Capoferreo,Eisenhaupt
terapagos,Terapagos,Terapagos,Terapagos,Terapagos
pecharunt,Pecharunt,Pêchaminus,Pecharunt,Infamomo
